{
  "(2, 2, 2, 3, 2)": [
    0.1992466668735133,
    0.0,
    0.0,
    0.0,
    0.0,
    0.0
  ],
  "(2, 2, 2, 3, 3)": [
    0.3905834969679035,
    0.9973959604605005,
    0.9123689621964552,
    0.9708460815094642,
    1.0726047735888171,
    1.0800310787066376
  ],
  "(2, 2, 2, 2, 3)": [
    0.13045813613704677,
    0.20610620597649698,
    0.10716001696573828,
    0.1237331372561516,
    0.43051686608285156,
    0.18327292965916106
  ],
  "(2, 2, 2, 2, 4)": [
    -0.10540504337840424,
    -0.11135197446492444,
    -0.1718630299009178,
    -0.1485699088058651,
    -0.1145871675569516,
    -0.11250492567954226
  ],
  "(2, 2, 2, 3, 4)": [
    -2.589873891033744,
    -2.1244131254233145,
    -2.590460983332139,
    -2.5986469476587204,
    -2.5937208266750913,
    -2.5883152122298387
  ]
}