{
  "(2, 2, 2, 3, 1)": [
    0.13671294320609928,
    0.07794057214111232,
    0.08667218605825808,
    0.003623355585503611,
    -0.002326496867920306,
    0.11423345764921297,
    0.015465203583825046,
    0.0
  ],
  "(2, 2, 2, 3, 0)": [
    -0.390331332674521,
    -0.44264123661310306,
    -0.4092734451190212,
    -0.2885278077987209,
    -0.2654931074328173,
    -0.3705727252169858,
    -0.3289479756198158,
    -0.35315326894428745
  ],
  "(2, 2, 2, 3, 4)": [
    -0.17805976077795693,
    0.0,
    0.0,
    -0.010000000000000002,
    -0.030000000000000006,
    0.0,
    -0.05558545006159437,
    -0.05099174862392417
  ],
  "(1, 1, 1, 3, 4)": [
    -0.35608225178337066,
    -0.3806477425084195,
    -0.18824525556530652,
    -0.1855192473931006,
    -0.1933592473931006,
    -0.07383758309365762,
    -0.1425691272785958,
    -0.050991951441814655
  ],
  "(1, 1, 1, 3, 0)": [
    0.0,
    0.0,
    0.0,
    -0.030000000000000006,
    0.0,
    0.0,
    0.0,
    0.0
  ],
  "(0, 1, 0, 3, 4)": [
    0.0,
    0.0,
    0.0,
    0.0,
    0.0,
    0.0,
    -0.12624698164965822,
    0.0
  ],
  "(0, 0, 0, 3, 4)": [
    0.0,
    -0.34103281569358745,
    0.0,
    -0.13,
    -0.21400000000000002,
    -0.237288077746636,
    -3.341146391968654,
    -0.3893033514652726
  ]
}